[09/17/26 15:08:41] INFO     Starting PostgreSQL MCP Server in    server.py:555
                             UNRESTRICTED mode                                 
                    INFO     Successfully connected to database   server.py:568
                             and initialized connection pool                   
                    WARNING  Signal handling not supported on     server.py:585
                             Windows                                           
                    WARNING  Failed to validate request: 31      session.py:383
                             validation errors for ClientRequest               
                             PingRequest.method                                
                               Input should be 'ping'                          
                             [type=literal_error,                              
                             input_value='server/discover',                    
                             input_type=str]                                   
                                 For further information visit                 
                             https://errors.pydantic.dev/2.13/v/               
                             literal_error                                     
                             InitializeRequest.method                          
                               Input should be 'initialize'                    
                             [type=literal_error,                              
                             input_value='server/discover',                    
                             input_type=str]                                   
                                 For further information visit                 
                             https://errors.pydantic.dev/2.13/v/               
                             literal_error                                     
                             InitializeRequest.params.protocolVe               
                             rsion                                             
                               Field required [type=missing,                   
                             input_value={'_meta':                             
                             {'io.modelconte...lientCapabilities               
                             ': {}}}, input_type=dict]                         
                                 For further information visit                 
                             https://errors.pydantic.dev/2.13/v/               
                             missing                                           
                             InitializeRequest.params.capabiliti               
                             es                                                
                               Field required [type=missing,                   
                             input_value={'_meta':                             
                             {'io.modelconte...lientCapabilities               
                             ': {}}}, input_type=dict]                         
                                 For further information visit                 
                             https://errors.pydantic.dev/2.13/v/               
                             missing                                           
                             InitializeRequest.params.clientInfo               
                               Field required [type=missing,                   
                             input_value={'_meta':                             
                             {'io.modelconte...lientCapabilities               
                             ': {}}}, input_type=dict]                         
                                 For further information visit                 
                             https://errors.pydantic.dev/2.13/v/               
                             missing                                           
                             CompleteRequest.method                            
                               Input should be                                 
                             'completion/complete'                             
                             [type=literal_error,                              
                             input_value='server/discover',                    
                             input_type=str]                                   
                                 For further information visit                 
                             https://errors.pydantic.dev/2.13/v/               
                             literal_error                                     
                             CompleteRequest.params.ref                        
                               Field required [type=missing,                   
                             input_value={'_meta':                             
                             {'io.modelconte...lientCapabilities               
                             ': {}}}, input_type=dict]                         
                                 For further information visit                 
                             https://errors.pydantic.dev/2.13/v/               
                             missing                                           
                             CompleteRequest.params.argument                   
                               Field required [type=missing,                   
                             input_value={'_meta':                             
                             {'io.modelconte...lientCapabilities               
                             ': {}}}, input_type=dict]                         
                                 For further information visit                 
                             https://errors.pydantic.dev/2.13/v/               
                             missing                                           
                             SetLevelRequest.method                            
                               Input should be                                 
                             'logging/setLevel'                                
                             [type=literal_error,                              
                             input_value='server/discover',                    
                             input_type=str]                                   
                                 For further information visit                 
                             https://errors.pydantic.dev/2.13/v/               
                             literal_error                                     
                             SetLevelRequest.params.level                      
                               Field required [type=missing,                   
                             input_value={'_meta':                             
                             {'io.modelconte...lientCapabilities               
                             ': {}}}, input_type=dict]                         
                                 For further information visit                 
                             https://errors.pydantic.dev/2.13/v/               
                             missing                                           
                             GetPromptRequest.method                           
                               Input should be 'prompts/get'                   
                             [type=literal_error,                              
                             input_value='server/discover',                    
                             input_type=str]                                   
                                 For further information visit                 
                             https://errors.pydantic.dev/2.13/v/               
                             literal_error                                     
                             GetPromptRequest.params.name                      
                               Field required [type=missing,                   
                             input_value={'_meta':                             
                             {'io.modelconte...lientCapabilities               
                             ': {}}}, input_type=dict]                         
                                 For further information visit                 
                             https://errors.pydantic.dev/2.13/v/               
                             missing                                           
                             ListPromptsRequest.method                         
                               Input should be 'prompts/list'                  
                             [type=literal_error,                              
                             input_value='server/discover',                    
                             input_type=str]                                   
                                 For further information visit                 
                             https://errors.pydantic.dev/2.13/v/               
                             literal_error                                     
                             ListResourcesRequest.method                       
                               Input should be 'resources/list'                
                             [type=literal_error,                              
                             input_value='server/discover',                    
                             input_type=str]                                   
                                 For further information visit                 
                             https://errors.pydantic.dev/2.13/v/               
                             literal_error                                     
                             ListResourceTemplatesRequest.method               
                               Input should be                                 
                             'resources/templates/list'                        
                             [type=literal_error,                              
                             input_value='server/discover',                    
                             input_type=str]                                   
                                 For further information visit                 
                             https://errors.pydantic.dev/2.13/v/               
                             literal_error                                     
                             ReadResourceRequest.method                        
                               Input should be 'resources/read'                
                             [type=literal_error,                              
                             input_value='server/discover',                    
                             input_type=str]                                   
                                 For further information visit                 
                             https://errors.pydantic.dev/2.13/v/               
                             literal_error                                     
                             ReadResourceRequest.params.uri                    
                               Field required [type=missing,                   
                             input_value={'_meta':                             
                             {'io.modelconte...lientCapabilities               
                             ': {}}}, input_type=dict]                         
                                 For further information visit                 
                             https://errors.pydantic.dev/2.13/v/               
                             missing                                           
                             SubscribeRequest.method                           
                               Input should be                                 
                             'resources/subscribe'                             
                             [type=literal_error,                              
                             input_value='server/discover',                    
                             input_type=str]                                   
                                 For further information visit                 
                             https://errors.pydantic.dev/2.13/v/               
                             literal_error                                     
                             SubscribeRequest.params.uri                       
                               Field required [type=missing,                   
                             input_value={'_meta':                             
                             {'io.modelconte...lientCapabilities               
                             ': {}}}, input_type=dict]                         
                                 For further information visit                 
                             https://errors.pydantic.dev/2.13/v/               
                             missing                                           
                             UnsubscribeRequest.method                         
                               Input should be                                 
                             'resources/unsubscribe'                           
                             [type=literal_error,                              
                             input_value='server/discover',                    
                             input_type=str]                                   
                                 For further information visit                 
                             https://errors.pydantic.dev/2.13/v/               
                             literal_error                                     
                             UnsubscribeRequest.params.uri                     
                               Field required [type=missing,                   
                             input_value={'_meta':                             
                             {'io.modelconte...lientCapabilities               
                             ': {}}}, input_type=dict]                         
                                 For further information visit                 
                             https://errors.pydantic.dev/2.13/v/               
                             missing                                           
                             CallToolRequest.method                            
                               Input should be 'tools/call'                    
                             [type=literal_error,                              
                             input_value='server/discover',                    
                             input_type=str]                                   
                                 For further information visit                 
                             https://errors.pydantic.dev/2.13/v/               
                             literal_error                                     
                             CallToolRequest.params.name                       
                               Field required [type=missing,                   
                             input_value={'_meta':                             
                             {'io.modelconte...lientCapabilities               
                             ': {}}}, input_type=dict]                         
                                 For further information visit                 
                             https://errors.pydantic.dev/2.13/v/               
                             missing                                           
                             ListToolsRequest.method                           
                               Input should be 'tools/list'                    
                             [type=literal_error,                              
                             input_value='server/discover',                    
                             input_type=str]                                   
                                 For further information visit                 
                             https://errors.pydantic.dev/2.13/v/               
                             literal_error                                     
                             GetTaskRequest.method                             
                               Input should be 'tasks/get'                     
                             [type=literal_error,                              
                             input_value='server/discover',                    
                             input_type=str]                                   
                                 For further information visit                 
                             https://errors.pydantic.dev/2.13/v/               
                             literal_error                                     
                             GetTaskRequest.params.taskId                      
                               Field required [type=missing,                   
                             input_value={'_meta':                             
                             {'io.modelconte...lientCapabilities               
                             ': {}}}, input_type=dict]                         
                                 For further information visit                 
                             https://errors.pydantic.dev/2.13/v/               
                             missing                                           
                             GetTaskPayloadRequest.method                      
                               Input should be 'tasks/result'                  
                             [type=literal_error,                              
                             input_value='server/discover',                    
                             input_type=str]                                   
                                 For further information visit                 
                             https://errors.pydantic.dev/2.13/v/               
                             literal_error                                     
                             GetTaskPayloadRequest.params.taskId               
                               Field required [type=missing,                   
                             input_value={'_meta':                             
                             {'io.modelconte...lientCapabilities               
                             ': {}}}, input_type=dict]                         
                                 For further information visit                 
                             https://errors.pydantic.dev/2.13/v/               
                             missing                                           
                             ListTasksRequest.method                           
                               Input should be 'tasks/list'                    
                             [type=literal_error,                              
                             input_value='server/discover',                    
                             input_type=str]                                   
                                 For further information visit                 
                             https://errors.pydantic.dev/2.13/v/               
                             literal_error                                     
                             CancelTaskRequest.method                          
                               Input should be 'tasks/cancel'                  
                             [type=literal_error,                              
                             input_value='server/discover',                    
                             input_type=str]                                   
                                 For further information visit                 
                             https://errors.pydantic.dev/2.13/v/               
                             literal_error                                     
                             CancelTaskRequest.params.taskId                   
                               Field required [type=missing,                   
                             input_value={'_meta':                             
                             {'io.modelconte...lientCapabilities               
                             ': {}}}, input_type=dict]                         
                                 For further information visit                 
                             https://errors.pydantic.dev/2.13/v/               
                             missing                                           
                    INFO     Processing request of type           server.py:733
                             ListToolsRequest                                  
[09/17/26 15:08:48] INFO     Starting PostgreSQL MCP Server in    server.py:555
                             UNRESTRICTED mode                                 
                    INFO     Successfully connected to database   server.py:568
                             and initialized connection pool                   
                    WARNING  Signal handling not supported on     server.py:585
                             Windows                                           
                    WARNING  Failed to validate request: 31      session.py:383
                             validation errors for ClientRequest               
                             PingRequest.method                                
                               Input should be 'ping'                          
                             [type=literal_error,                              
                             input_value='server/discover',                    
                             input_type=str]                                   
                                 For further information visit                 
                             https://errors.pydantic.dev/2.13/v/               
                             literal_error                                     
                             InitializeRequest.method                          
                               Input should be 'initialize'                    
                             [type=literal_error,                              
                             input_value='server/discover',                    
                             input_type=str]                                   
                                 For further information visit                 
                             https://errors.pydantic.dev/2.13/v/               
                             literal_error                                     
                             InitializeRequest.params.protocolVe               
                             rsion                                             
                               Field required [type=missing,                   
                             input_value={'_meta':                             
                             {'io.modelconte...lientCapabilities               
                             ': {}}}, input_type=dict]                         
                                 For further information visit                 
                             https://errors.pydantic.dev/2.13/v/               
                             missing                                           
                             InitializeRequest.params.capabiliti               
                             es                                                
                               Field required [type=missing,                   
                             input_value={'_meta':                             
                             {'io.modelconte...lientCapabilities               
                             ': {}}}, input_type=dict]                         
                                 For further information visit                 
                             https://errors.pydantic.dev/2.13/v/               
                             missing                                           
                             InitializeRequest.params.clientInfo               
                               Field required [type=missing,                   
                             input_value={'_meta':                             
                             {'io.modelconte...lientCapabilities               
                             ': {}}}, input_type=dict]                         
                                 For further information visit                 
                             https://errors.pydantic.dev/2.13/v/               
                             missing                                           
                             CompleteRequest.method                            
                               Input should be                                 
                             'completion/complete'                             
                             [type=literal_error,                              
                             input_value='server/discover',                    
                             input_type=str]                                   
                                 For further information visit                 
                             https://errors.pydantic.dev/2.13/v/               
                             literal_error                                     
                             CompleteRequest.params.ref                        
                               Field required [type=missing,                   
                             input_value={'_meta':                             
                             {'io.modelconte...lientCapabilities               
                             ': {}}}, input_type=dict]                         
                                 For further information visit                 
                             https://errors.pydantic.dev/2.13/v/               
                             missing                                           
                             CompleteRequest.params.argument                   
                               Field required [type=missing,                   
                             input_value={'_meta':                             
                             {'io.modelconte...lientCapabilities               
                             ': {}}}, input_type=dict]                         
                                 For further information visit                 
                             https://errors.pydantic.dev/2.13/v/               
                             missing                                           
                             SetLevelRequest.method                            
                               Input should be                                 
                             'logging/setLevel'                                
                             [type=literal_error,                              
                             input_value='server/discover',                    
                             input_type=str]                                   
                                 For further information visit                 
                             https://errors.pydantic.dev/2.13/v/               
                             literal_error                                     
                             SetLevelRequest.params.level                      
                               Field required [type=missing,                   
                             input_value={'_meta':                             
                             {'io.modelconte...lientCapabilities               
                             ': {}}}, input_type=dict]                         
                                 For further information visit                 
                             https://errors.pydantic.dev/2.13/v/               
                             missing                                           
                             GetPromptRequest.method                           
                               Input should be 'prompts/get'                   
                             [type=literal_error,                              
                             input_value='server/discover',                    
                             input_type=str]                                   
                                 For further information visit                 
                             https://errors.pydantic.dev/2.13/v/               
                             literal_error                                     
                             GetPromptRequest.params.name                      
                               Field required [type=missing,                   
                             input_value={'_meta':                             
                             {'io.modelconte...lientCapabilities               
                             ': {}}}, input_type=dict]                         
                                 For further information visit                 
                             https://errors.pydantic.dev/2.13/v/               
                             missing                                           
                             ListPromptsRequest.method                         
                               Input should be 'prompts/list'                  
                             [type=literal_error,                              
                             input_value='server/discover',                    
                             input_type=str]                                   
                                 For further information visit                 
                             https://errors.pydantic.dev/2.13/v/               
                             literal_error                                     
                             ListResourcesRequest.method                       
                               Input should be 'resources/list'                
                             [type=literal_error,                              
                             input_value='server/discover',                    
                             input_type=str]                                   
                                 For further information visit                 
                             https://errors.pydantic.dev/2.13/v/               
                             literal_error                                     
                             ListResourceTemplatesRequest.method               
                               Input should be                                 
                             'resources/templates/list'                        
                             [type=literal_error,                              
                             input_value='server/discover',                    
                             input_type=str]                                   
                                 For further information visit                 
                             https://errors.pydantic.dev/2.13/v/               
                             literal_error                                     
                             ReadResourceRequest.method                        
                               Input should be 'resources/read'                
                             [type=literal_error,                              
                             input_value='server/discover',                    
                             input_type=str]                                   
                                 For further information visit                 
                             https://errors.pydantic.dev/2.13/v/               
                             literal_error                                     
                             ReadResourceRequest.params.uri                    
                               Field required [type=missing,                   
                             input_value={'_meta':                             
                             {'io.modelconte...lientCapabilities               
                             ': {}}}, input_type=dict]                         
                                 For further information visit                 
                             https://errors.pydantic.dev/2.13/v/               
                             missing                                           
                             SubscribeRequest.method                           
                               Input should be                                 
                             'resources/subscribe'                             
                             [type=literal_error,                              
                             input_value='server/discover',                    
                             input_type=str]                                   
                                 For further information visit                 
                             https://errors.pydantic.dev/2.13/v/               
                             literal_error                                     
                             SubscribeRequest.params.uri                       
                               Field required [type=missing,                   
                             input_value={'_meta':                             
                             {'io.modelconte...lientCapabilities               
                             ': {}}}, input_type=dict]                         
                                 For further information visit                 
                             https://errors.pydantic.dev/2.13/v/               
                             missing                                           
                             UnsubscribeRequest.method                         
                               Input should be                                 
                             'resources/unsubscribe'                           
                             [type=literal_error,                              
                             input_value='server/discover',                    
                             input_type=str]                                   
                                 For further information visit                 
                             https://errors.pydantic.dev/2.13/v/               
                             literal_error                                     
                             UnsubscribeRequest.params.uri                     
                               Field required [type=missing,                   
                             input_value={'_meta':                             
                             {'io.modelconte...lientCapabilities               
                             ': {}}}, input_type=dict]                         
                                 For further information visit                 
                             https://errors.pydantic.dev/2.13/v/               
                             missing                                           
                             CallToolRequest.method                            
                               Input should be 'tools/call'                    
                             [type=literal_error,                              
                             input_value='server/discover',                    
                             input_type=str]                                   
                                 For further information visit                 
                             https://errors.pydantic.dev/2.13/v/               
                             literal_error                                     
                             CallToolRequest.params.name                       
                               Field required [type=missing,                   
                             input_value={'_meta':                             
                             {'io.modelconte...lientCapabilities               
                             ': {}}}, input_type=dict]                         
                                 For further information visit                 
                             https://errors.pydantic.dev/2.13/v/               
                             missing                                           
                             ListToolsRequest.method                           
                               Input should be 'tools/list'                    
                             [type=literal_error,                              
                             input_value='server/discover',                    
                             input_type=str]                                   
                                 For further information visit                 
                             https://errors.pydantic.dev/2.13/v/               
                             literal_error                                     
                             GetTaskRequest.method                             
                               Input should be 'tasks/get'                     
                             [type=literal_error,                              
                             input_value='server/discover',                    
                             input_type=str]                                   
                                 For further information visit                 
                             https://errors.pydantic.dev/2.13/v/               
                             literal_error                                     
                             GetTaskRequest.params.taskId                      
                               Field required [type=missing,                   
                             input_value={'_meta':                             
                             {'io.modelconte...lientCapabilities               
                             ': {}}}, input_type=dict]                         
                                 For further information visit                 
                             https://errors.pydantic.dev/2.13/v/               
                             missing                                           
                             GetTaskPayloadRequest.method                      
                               Input should be 'tasks/result'                  
                             [type=literal_error,                              
                             input_value='server/discover',                    
                             input_type=str]                                   
                                 For further information visit                 
                             https://errors.pydantic.dev/2.13/v/               
                             literal_error                                     
                             GetTaskPayloadRequest.params.taskId               
                               Field required [type=missing,                   
                             input_value={'_meta':                             
                             {'io.modelconte...lientCapabilities               
                             ': {}}}, input_type=dict]                         
                                 For further information visit                 
                             https://errors.pydantic.dev/2.13/v/               
                             missing                                           
                             ListTasksRequest.method                           
                               Input should be 'tasks/list'                    
                             [type=literal_error,                              
                             input_value='server/discover',                    
                             input_type=str]                                   
                                 For further information visit                 
                             https://errors.pydantic.dev/2.13/v/               
                             literal_error                                     
                             CancelTaskRequest.method                          
                               Input should be 'tasks/cancel'                  
                             [type=literal_error,                              
                             input_value='server/discover',                    
                             input_type=str]                                   
                                 For further information visit                 
                             https://errors.pydantic.dev/2.13/v/               
                             literal_error                                     
                             CancelTaskRequest.params.taskId                   
                               Field required [type=missing,                   
                             input_value={'_meta':                             
                             {'io.modelconte...lientCapabilities               
                             ': {}}}, input_type=dict]                         
                                 For further information visit                 
                             https://errors.pydantic.dev/2.13/v/               
                             missing                                           
[09/17/26 15:08:49] INFO     Processing request of type           server.py:733
                             CallToolRequest                                   
                    INFO     Processing request of type           server.py:733
                             ListToolsRequest                                  
                    INFO     Processing request of type           server.py:733
                             CallToolRequest                                   
                    INFO     Processing request of type           server.py:733
                             CallToolRequest                                   
                    INFO     Processing request of type           server.py:733
                             CallToolRequest                                   
                    INFO     Processing request of type           server.py:733
                             CallToolRequest                                   
                    INFO     Processing request of type           server.py:733
                             CallToolRequest                                   
                    INFO     Processing request of type           server.py:733
                             CallToolRequest                                   
                    INFO     Processing request of type           server.py:733
                             CallToolRequest                                   
                    INFO     Processing request of type           server.py:733
                             CallToolRequest                                   
                    INFO     Processing request of type           server.py:733
                             CallToolRequest                                   
                    INFO     Processing request of type           server.py:733
                             CallToolRequest                                   
                    INFO     Processing request of type           server.py:733
                             CallToolRequest                                   
[09/17/26 15:08:50] INFO     Processing request of type           server.py:733
                             CallToolRequest                                   
                    INFO     Processing request of type           server.py:733
                             CallToolRequest                                   
                    INFO     Processing request of type           server.py:733
                             CallToolRequest                                   
                    INFO     Processing request of type           server.py:733
                             CallToolRequest                                   
                    INFO     Processing request of type           server.py:733
                             CallToolRequest                                   
                    INFO     Processing request of type           server.py:733
                             CallToolRequest                                   
[baseline k=1/4] running...
[09/17/26 15:08:58] INFO     Starting PostgreSQL MCP Server in    server.py:555
                             UNRESTRICTED mode                                 
                    INFO     Successfully connected to database   server.py:568
                             and initialized connection pool                   
                    WARNING  Signal handling not supported on     server.py:585
                             Windows                                           
                    WARNING  Failed to validate request: 31      session.py:383
                             validation errors for ClientRequest               
                             PingRequest.method                                
                               Input should be 'ping'                          
                             [type=literal_error,                              
                             input_value='server/discover',                    
                             input_type=str]                                   
                                 For further information visit                 
                             https://errors.pydantic.dev/2.13/v/               
                             literal_error                                     
                             InitializeRequest.method                          
                               Input should be 'initialize'                    
                             [type=literal_error,                              
                             input_value='server/discover',                    
                             input_type=str]                                   
                                 For further information visit                 
                             https://errors.pydantic.dev/2.13/v/               
                             literal_error                                     
                             InitializeRequest.params.protocolVe               
                             rsion                                             
                               Field required [type=missing,                   
                             input_value={'_meta':                             
                             {'io.modelconte...lientCapabilities               
                             ': {}}}, input_type=dict]                         
                                 For further information visit                 
                             https://errors.pydantic.dev/2.13/v/               
                             missing                                           
                             InitializeRequest.params.capabiliti               
                             es                                                
                               Field required [type=missing,                   
                             input_value={'_meta':                             
                             {'io.modelconte...lientCapabilities               
                             ': {}}}, input_type=dict]                         
                                 For further information visit                 
                             https://errors.pydantic.dev/2.13/v/               
                             missing                                           
                             InitializeRequest.params.clientInfo               
                               Field required [type=missing,                   
                             input_value={'_meta':                             
                             {'io.modelconte...lientCapabilities               
                             ': {}}}, input_type=dict]                         
                                 For further information visit                 
                             https://errors.pydantic.dev/2.13/v/               
                             missing                                           
                             CompleteRequest.method                            
                               Input should be                                 
                             'completion/complete'                             
                             [type=literal_error,                              
                             input_value='server/discover',                    
                             input_type=str]                                   
                                 For further information visit                 
                             https://errors.pydantic.dev/2.13/v/               
                             literal_error                                     
                             CompleteRequest.params.ref                        
                               Field required [type=missing,                   
                             input_value={'_meta':                             
                             {'io.modelconte...lientCapabilities               
                             ': {}}}, input_type=dict]                         
                                 For further information visit                 
                             https://errors.pydantic.dev/2.13/v/               
                             missing                                           
                             CompleteRequest.params.argument                   
                               Field required [type=missing,                   
                             input_value={'_meta':                             
                             {'io.modelconte...lientCapabilities               
                             ': {}}}, input_type=dict]                         
                                 For further information visit                 
                             https://errors.pydantic.dev/2.13/v/               
                             missing                                           
                             SetLevelRequest.method                            
                               Input should be                                 
                             'logging/setLevel'                                
                             [type=literal_error,                              
                             input_value='server/discover',                    
                             input_type=str]                                   
                                 For further information visit                 
                             https://errors.pydantic.dev/2.13/v/               
                             literal_error                                     
                             SetLevelRequest.params.level                      
                               Field required [type=missing,                   
                             input_value={'_meta':                             
                             {'io.modelconte...lientCapabilities               
                             ': {}}}, input_type=dict]                         
                                 For further information visit                 
                             https://errors.pydantic.dev/2.13/v/               
                             missing                                           
                             GetPromptRequest.method                           
                               Input should be 'prompts/get'                   
                             [type=literal_error,                              
                             input_value='server/discover',                    
                             input_type=str]                                   
                                 For further information visit                 
                             https://errors.pydantic.dev/2.13/v/               
                             literal_error                                     
                             GetPromptRequest.params.name                      
                               Field required [type=missing,                   
                             input_value={'_meta':                             
                             {'io.modelconte...lientCapabilities               
                             ': {}}}, input_type=dict]                         
                                 For further information visit                 
                             https://errors.pydantic.dev/2.13/v/               
                             missing                                           
                             ListPromptsRequest.method                         
                               Input should be 'prompts/list'                  
                             [type=literal_error,                              
                             input_value='server/discover',                    
                             input_type=str]                                   
                                 For further information visit                 
                             https://errors.pydantic.dev/2.13/v/               
                             literal_error                                     
                             ListResourcesRequest.method                       
                               Input should be 'resources/list'                
                             [type=literal_error,                              
                             input_value='server/discover',                    
                             input_type=str]                                   
                                 For further information visit                 
                             https://errors.pydantic.dev/2.13/v/               
                             literal_error                                     
                             ListResourceTemplatesRequest.method               
                               Input should be                                 
                             'resources/templates/list'                        
                             [type=literal_error,                              
                             input_value='server/discover',                    
                             input_type=str]                                   
                                 For further information visit                 
                             https://errors.pydantic.dev/2.13/v/               
                             literal_error                                     
                             ReadResourceRequest.method                        
                               Input should be 'resources/read'                
                             [type=literal_error,                              
                             input_value='server/discover',                    
                             input_type=str]                                   
                                 For further information visit                 
                             https://errors.pydantic.dev/2.13/v/               
                             literal_error                                     
                             ReadResourceRequest.params.uri                    
                               Field required [type=missing,                   
                             input_value={'_meta':                             
                             {'io.modelconte...lientCapabilities               
                             ': {}}}, input_type=dict]                         
                                 For further information visit                 
                             https://errors.pydantic.dev/2.13/v/               
                             missing                                           
                             SubscribeRequest.method                           
                               Input should be                                 
                             'resources/subscribe'                             
                             [type=literal_error,                              
                             input_value='server/discover',                    
                             input_type=str]                                   
                                 For further information visit                 
                             https://errors.pydantic.dev/2.13/v/               
                             literal_error                                     
                             SubscribeRequest.params.uri                       
                               Field required [type=missing,                   
                             input_value={'_meta':                             
                             {'io.modelconte...lientCapabilities               
                             ': {}}}, input_type=dict]                         
                                 For further information visit                 
                             https://errors.pydantic.dev/2.13/v/               
                             missing                                           
                             UnsubscribeRequest.method                         
                               Input should be                                 
                             'resources/unsubscribe'                           
                             [type=literal_error,                              
                             input_value='server/discover',                    
                             input_type=str]                                   
                                 For further information visit                 
                             https://errors.pydantic.dev/2.13/v/               
                             literal_error                                     
                             UnsubscribeRequest.params.uri                     
                               Field required [type=missing,                   
                             input_value={'_meta':                             
                             {'io.modelconte...lientCapabilities               
                             ': {}}}, input_type=dict]                         
                                 For further information visit                 
                             https://errors.pydantic.dev/2.13/v/               
                             missing                                           
                             CallToolRequest.method                            
                               Input should be 'tools/call'                    
                             [type=literal_error,                              
                             input_value='server/discover',                    
                             input_type=str]                                   
                                 For further information visit                 
                             https://errors.pydantic.dev/2.13/v/               
                             literal_error                                     
                             CallToolRequest.params.name                       
                               Field required [type=missing,                   
                             input_value={'_meta':                             
                             {'io.modelconte...lientCapabilities               
                             ': {}}}, input_type=dict]                         
                                 For further information visit                 
                             https://errors.pydantic.dev/2.13/v/               
                             missing                                           
                             ListToolsRequest.method                           
                               Input should be 'tools/list'                    
                             [type=literal_error,                              
                             input_value='server/discover',                    
                             input_type=str]                                   
                                 For further information visit                 
                             https://errors.pydantic.dev/2.13/v/               
                             literal_error                                     
                             GetTaskRequest.method                             
                               Input should be 'tasks/get'                     
                             [type=literal_error,                              
                             input_value='server/discover',                    
                             input_type=str]                                   
                                 For further information visit                 
                             https://errors.pydantic.dev/2.13/v/               
                             literal_error                                     
                             GetTaskRequest.params.taskId                      
                               Field required [type=missing,                   
                             input_value={'_meta':                             
                             {'io.modelconte...lientCapabilities               
                             ': {}}}, input_type=dict]                         
                                 For further information visit                 
                             https://errors.pydantic.dev/2.13/v/               
                             missing                                           
                             GetTaskPayloadRequest.method                      
                               Input should be 'tasks/result'                  
                             [type=literal_error,                              
                             input_value='server/discover',                    
                             input_type=str]                                   
                                 For further information visit                 
                             https://errors.pydantic.dev/2.13/v/               
                             literal_error                                     
                             GetTaskPayloadRequest.params.taskId               
                               Field required [type=missing,                   
                             input_value={'_meta':                             
                             {'io.modelconte...lientCapabilities               
                             ': {}}}, input_type=dict]                         
                                 For further information visit                 
                             https://errors.pydantic.dev/2.13/v/               
                             missing                                           
                             ListTasksRequest.method                           
                               Input should be 'tasks/list'                    
                             [type=literal_error,                              
                             input_value='server/discover',                    
                             input_type=str]                                   
                                 For further information visit                 
                             https://errors.pydantic.dev/2.13/v/               
                             literal_error                                     
                             CancelTaskRequest.method                          
                               Input should be 'tasks/cancel'                  
                             [type=literal_error,                              
                             input_value='server/discover',                    
                             input_type=str]                                   
                                 For further information visit                 
                             https://errors.pydantic.dev/2.13/v/               
                             literal_error                                     
                             CancelTaskRequest.params.taskId                   
                               Field required [type=missing,                   
                             input_value={'_meta':                             
                             {'io.modelconte...lientCapabilities               
                             ': {}}}, input_type=dict]                         
                                 For further information visit                 
                             https://errors.pydantic.dev/2.13/v/               
                             missing                                           
                    INFO     Processing request of type           server.py:733
                             ListToolsRequest                                  
[09/17/26 15:11:34] INFO     Processing request of type           server.py:733
                             CallToolRequest                                   
[09/17/26 15:11:36] INFO     Processing request of type           server.py:733
                             CallToolRequest                                   
[09/17/26 15:11:38] INFO     Processing request of type           server.py:733
                             CallToolRequest                                   
[09/17/26 15:11:40] INFO     Processing request of type           server.py:733
                             CallToolRequest                                   
[09/17/26 15:12:00] INFO     Processing request of type           server.py:733
                             CallToolRequest                                   
[09/17/26 15:12:02] INFO     Processing request of type           server.py:733
                             CallToolRequest                                   
[09/17/26 15:12:05] INFO     Processing request of type           server.py:733
                             CallToolRequest                                   
[09/17/26 15:12:07] INFO     Processing request of type           server.py:733
                             CallToolRequest                                   
[09/17/26 15:12:40] INFO     Processing request of type           server.py:733
                             CallToolRequest                                   
[09/17/26 15:12:42] INFO     Processing request of type           server.py:733
                             CallToolRequest                                   
[09/17/26 15:12:44] INFO     Processing request of type           server.py:733
                             CallToolRequest                                   
[baseline k=2/4] running...
[09/17/26 15:12:54] INFO     Starting PostgreSQL MCP Server in    server.py:555
                             UNRESTRICTED mode                                 
                    INFO     Successfully connected to database   server.py:568
                             and initialized connection pool                   
                    WARNING  Signal handling not supported on     server.py:585
                             Windows                                           
                    WARNING  Failed to validate request: 31      session.py:383
                             validation errors for ClientRequest               
                             PingRequest.method                                
                               Input should be 'ping'                          
                             [type=literal_error,                              
                             input_value='server/discover',                    
                             input_type=str]                                   
                                 For further information visit                 
                             https://errors.pydantic.dev/2.13/v/               
                             literal_error                                     
                             InitializeRequest.method                          
                               Input should be 'initialize'                    
                             [type=literal_error,                              
                             input_value='server/discover',                    
                             input_type=str]                                   
                                 For further information visit                 
                             https://errors.pydantic.dev/2.13/v/               
                             literal_error                                     
                             InitializeRequest.params.protocolVe               
                             rsion                                             
                               Field required [type=missing,                   
                             input_value={'_meta':                             
                             {'io.modelconte...lientCapabilities               
                             ': {}}}, input_type=dict]                         
                                 For further information visit                 
                             https://errors.pydantic.dev/2.13/v/               
                             missing                                           
                             InitializeRequest.params.capabiliti               
                             es                                                
                               Field required [type=missing,                   
                             input_value={'_meta':                             
                             {'io.modelconte...lientCapabilities               
                             ': {}}}, input_type=dict]                         
                                 For further information visit                 
                             https://errors.pydantic.dev/2.13/v/               
                             missing                                           
                             InitializeRequest.params.clientInfo               
                               Field required [type=missing,                   
                             input_value={'_meta':                             
                             {'io.modelconte...lientCapabilities               
                             ': {}}}, input_type=dict]                         
                                 For further information visit                 
                             https://errors.pydantic.dev/2.13/v/               
                             missing                                           
                             CompleteRequest.method                            
                               Input should be                                 
                             'completion/complete'                             
                             [type=literal_error,                              
                             input_value='server/discover',                    
                             input_type=str]                                   
                                 For further information visit                 
                             https://errors.pydantic.dev/2.13/v/               
                             literal_error                                     
                             CompleteRequest.params.ref                        
                               Field required [type=missing,                   
                             input_value={'_meta':                             
                             {'io.modelconte...lientCapabilities               
                             ': {}}}, input_type=dict]                         
                                 For further information visit                 
                             https://errors.pydantic.dev/2.13/v/               
                             missing                                           
                             CompleteRequest.params.argument                   
                               Field required [type=missing,                   
                             input_value={'_meta':                             
                             {'io.modelconte...lientCapabilities               
                             ': {}}}, input_type=dict]                         
                                 For further information visit                 
                             https://errors.pydantic.dev/2.13/v/               
                             missing                                           
                             SetLevelRequest.method                            
                               Input should be                                 
                             'logging/setLevel'                                
                             [type=literal_error,                              
                             input_value='server/discover',                    
                             input_type=str]                                   
                                 For further information visit                 
                             https://errors.pydantic.dev/2.13/v/               
                             literal_error                                     
                             SetLevelRequest.params.level                      
                               Field required [type=missing,                   
                             input_value={'_meta':                             
                             {'io.modelconte...lientCapabilities               
                             ': {}}}, input_type=dict]                         
                                 For further information visit                 
                             https://errors.pydantic.dev/2.13/v/               
                             missing                                           
                             GetPromptRequest.method                           
                               Input should be 'prompts/get'                   
                             [type=literal_error,                              
                             input_value='server/discover',                    
                             input_type=str]                                   
                                 For further information visit                 
                             https://errors.pydantic.dev/2.13/v/               
                             literal_error                                     
                             GetPromptRequest.params.name                      
                               Field required [type=missing,                   
                             input_value={'_meta':                             
                             {'io.modelconte...lientCapabilities               
                             ': {}}}, input_type=dict]                         
                                 For further information visit                 
                             https://errors.pydantic.dev/2.13/v/               
                             missing                                           
                             ListPromptsRequest.method                         
                               Input should be 'prompts/list'                  
                             [type=literal_error,                              
                             input_value='server/discover',                    
                             input_type=str]                                   
                                 For further information visit                 
                             https://errors.pydantic.dev/2.13/v/               
                             literal_error                                     
                             ListResourcesRequest.method                       
                               Input should be 'resources/list'                
                             [type=literal_error,                              
                             input_value='server/discover',                    
                             input_type=str]                                   
                                 For further information visit                 
                             https://errors.pydantic.dev/2.13/v/               
                             literal_error                                     
                             ListResourceTemplatesRequest.method               
                               Input should be                                 
                             'resources/templates/list'                        
                             [type=literal_error,                              
                             input_value='server/discover',                    
                             input_type=str]                                   
                                 For further information visit                 
                             https://errors.pydantic.dev/2.13/v/               
                             literal_error                                     
                             ReadResourceRequest.method                        
                               Input should be 'resources/read'                
                             [type=literal_error,                              
                             input_value='server/discover',                    
                             input_type=str]                                   
                                 For further information visit                 
                             https://errors.pydantic.dev/2.13/v/               
                             literal_error                                     
                             ReadResourceRequest.params.uri                    
                               Field required [type=missing,                   
                             input_value={'_meta':                             
                             {'io.modelconte...lientCapabilities               
                             ': {}}}, input_type=dict]                         
                                 For further information visit                 
                             https://errors.pydantic.dev/2.13/v/               
                             missing                                           
                             SubscribeRequest.method                           
                               Input should be                                 
                             'resources/subscribe'                             
                             [type=literal_error,                              
                             input_value='server/discover',                    
                             input_type=str]                                   
                                 For further information visit                 
                             https://errors.pydantic.dev/2.13/v/               
                             literal_error                                     
                             SubscribeRequest.params.uri                       
                               Field required [type=missing,                   
                             input_value={'_meta':                             
                             {'io.modelconte...lientCapabilities               
                             ': {}}}, input_type=dict]                         
                                 For further information visit                 
                             https://errors.pydantic.dev/2.13/v/               
                             missing                                           
                             UnsubscribeRequest.method                         
                               Input should be                                 
                             'resources/unsubscribe'                           
                             [type=literal_error,                              
                             input_value='server/discover',                    
                             input_type=str]                                   
                                 For further information visit                 
                             https://errors.pydantic.dev/2.13/v/               
                             literal_error                                     
                             UnsubscribeRequest.params.uri                     
                               Field required [type=missing,                   
                             input_value={'_meta':                             
                             {'io.modelconte...lientCapabilities               
                             ': {}}}, input_type=dict]                         
                                 For further information visit                 
                             https://errors.pydantic.dev/2.13/v/               
                             missing                                           
                             CallToolRequest.method                            
                               Input should be 'tools/call'                    
                             [type=literal_error,                              
                             input_value='server/discover',                    
                             input_type=str]                                   
                                 For further information visit                 
                             https://errors.pydantic.dev/2.13/v/               
                             literal_error                                     
                             CallToolRequest.params.name                       
                               Field required [type=missing,                   
                             input_value={'_meta':                             
                             {'io.modelconte...lientCapabilities               
                             ': {}}}, input_type=dict]                         
                                 For further information visit                 
                             https://errors.pydantic.dev/2.13/v/               
                             missing                                           
                             ListToolsRequest.method                           
                               Input should be 'tools/list'                    
                             [type=literal_error,                              
                             input_value='server/discover',                    
                             input_type=str]                                   
                                 For further information visit                 
                             https://errors.pydantic.dev/2.13/v/               
                             literal_error                                     
                             GetTaskRequest.method                             
                               Input should be 'tasks/get'                     
                             [type=literal_error,                              
                             input_value='server/discover',                    
                             input_type=str]                                   
                                 For further information visit                 
                             https://errors.pydantic.dev/2.13/v/               
                             literal_error                                     
                             GetTaskRequest.params.taskId                      
                               Field required [type=missing,                   
                             input_value={'_meta':                             
                             {'io.modelconte...lientCapabilities               
                             ': {}}}, input_type=dict]                         
                                 For further information visit                 
                             https://errors.pydantic.dev/2.13/v/               
                             missing                                           
                             GetTaskPayloadRequest.method                      
                               Input should be 'tasks/result'                  
                             [type=literal_error,                              
                             input_value='server/discover',                    
                             input_type=str]                                   
                                 For further information visit                 
                             https://errors.pydantic.dev/2.13/v/               
                             literal_error                                     
                             GetTaskPayloadRequest.params.taskId               
                               Field required [type=missing,                   
                             input_value={'_meta':                             
                             {'io.modelconte...lientCapabilities               
                             ': {}}}, input_type=dict]                         
                                 For further information visit                 
                             https://errors.pydantic.dev/2.13/v/               
                             missing                                           
                             ListTasksRequest.method                           
                               Input should be 'tasks/list'                    
                             [type=literal_error,                              
                             input_value='server/discover',                    
                             input_type=str]                                   
                                 For further information visit                 
                             https://errors.pydantic.dev/2.13/v/               
                             literal_error                                     
                             CancelTaskRequest.method                          
                               Input should be 'tasks/cancel'                  
                             [type=literal_error,                              
                             input_value='server/discover',                    
                             input_type=str]                                   
                                 For further information visit                 
                             https://errors.pydantic.dev/2.13/v/               
                             literal_error                                     
                             CancelTaskRequest.params.taskId                   
                               Field required [type=missing,                   
                             input_value={'_meta':                             
                             {'io.modelconte...lientCapabilities               
                             ': {}}}, input_type=dict]                         
                                 For further information visit                 
                             https://errors.pydantic.dev/2.13/v/               
                             missing                                           
                    INFO     Processing request of type           server.py:733
                             ListToolsRequest                                  
[09/17/26 15:19:47] INFO     Processing request of type           server.py:733
                             CallToolRequest                                   
[09/17/26 15:19:51] INFO     Processing request of type           server.py:733
                             CallToolRequest                                   
                    INFO     Processing request of type           server.py:733
                             CallToolRequest                                   
                    INFO     Processing request of type           server.py:733
                             CallToolRequest                                   
[09/17/26 15:20:28] INFO     Processing request of type           server.py:733
                             CallToolRequest                                   
                    INFO     Processing request of type           server.py:733
                             CallToolRequest                                   
[09/17/26 15:21:04] INFO     Processing request of type           server.py:733
                             CallToolRequest                                   
                    INFO     Processing request of type           server.py:733
                             CallToolRequest                                   
[09/17/26 15:22:02] INFO     Processing request of type           server.py:733
                             CallToolRequest                                   
[09/17/26 15:22:09] INFO     Processing request of type           server.py:733
                             CallToolRequest                                   
[09/17/26 15:22:15] INFO     Processing request of type           server.py:733
                             CallToolRequest                                   
[09/17/26 15:22:47] INFO     Processing request of type           server.py:733
                             CallToolRequest                                   
                    INFO     Processing request of type           server.py:733
                             CallToolRequest                                   
                    INFO     Processing request of type           server.py:733
                             CallToolRequest                                   
[09/17/26 15:23:09] INFO     Processing request of type           server.py:733
                             CallToolRequest                                   
[09/17/26 15:23:40] INFO     Processing request of type           server.py:733
                             CallToolRequest                                   
                    INFO     Processing request of type           server.py:733
                             CallToolRequest                                   
[09/17/26 15:25:47] INFO     Processing request of type           server.py:733
                             CallToolRequest                                   
[baseline k=3/4] running...
[09/17/26 15:25:56] INFO     Starting PostgreSQL MCP Server in    server.py:555
                             UNRESTRICTED mode                                 
                    INFO     Successfully connected to database   server.py:568
                             and initialized connection pool                   
                    WARNING  Signal handling not supported on     server.py:585
                             Windows                                           
                    WARNING  Failed to validate request: 31      session.py:383
                             validation errors for ClientRequest               
                             PingRequest.method                                
                               Input should be 'ping'                          
                             [type=literal_error,                              
                             input_value='server/discover',                    
                             input_type=str]                                   
                                 For further information visit                 
                             https://errors.pydantic.dev/2.13/v/               
                             literal_error                                     
                             InitializeRequest.method                          
                               Input should be 'initialize'                    
                             [type=literal_error,                              
                             input_value='server/discover',                    
                             input_type=str]                                   
                                 For further information visit                 
                             https://errors.pydantic.dev/2.13/v/               
                             literal_error                                     
                             InitializeRequest.params.protocolVe               
                             rsion                                             
                               Field required [type=missing,                   
                             input_value={'_meta':                             
                             {'io.modelconte...lientCapabilities               
                             ': {}}}, input_type=dict]                         
                                 For further information visit                 
                             https://errors.pydantic.dev/2.13/v/               
                             missing                                           
                             InitializeRequest.params.capabiliti               
                             es                                                
                               Field required [type=missing,                   
                             input_value={'_meta':                             
                             {'io.modelconte...lientCapabilities               
                             ': {}}}, input_type=dict]                         
                                 For further information visit                 
                             https://errors.pydantic.dev/2.13/v/               
                             missing                                           
                             InitializeRequest.params.clientInfo               
                               Field required [type=missing,                   
                             input_value={'_meta':                             
                             {'io.modelconte...lientCapabilities               
                             ': {}}}, input_type=dict]                         
                                 For further information visit                 
                             https://errors.pydantic.dev/2.13/v/               
                             missing                                           
                             CompleteRequest.method                            
                               Input should be                                 
                             'completion/complete'                             
                             [type=literal_error,                              
                             input_value='server/discover',                    
                             input_type=str]                                   
                                 For further information visit                 
                             https://errors.pydantic.dev/2.13/v/               
                             literal_error                                     
                             CompleteRequest.params.ref                        
                               Field required [type=missing,                   
                             input_value={'_meta':                             
                             {'io.modelconte...lientCapabilities               
                             ': {}}}, input_type=dict]                         
                                 For further information visit                 
                             https://errors.pydantic.dev/2.13/v/               
                             missing                                           
                             CompleteRequest.params.argument                   
                               Field required [type=missing,                   
                             input_value={'_meta':                             
                             {'io.modelconte...lientCapabilities               
                             ': {}}}, input_type=dict]                         
                                 For further information visit                 
                             https://errors.pydantic.dev/2.13/v/               
                             missing                                           
                             SetLevelRequest.method                            
                               Input should be                                 
                             'logging/setLevel'                                
                             [type=literal_error,                              
                             input_value='server/discover',                    
                             input_type=str]                                   
                                 For further information visit                 
                             https://errors.pydantic.dev/2.13/v/               
                             literal_error                                     
                             SetLevelRequest.params.level                      
                               Field required [type=missing,                   
                             input_value={'_meta':                             
                             {'io.modelconte...lientCapabilities               
                             ': {}}}, input_type=dict]                         
                                 For further information visit                 
                             https://errors.pydantic.dev/2.13/v/               
                             missing                                           
                             GetPromptRequest.method                           
                               Input should be 'prompts/get'                   
                             [type=literal_error,                              
                             input_value='server/discover',                    
                             input_type=str]                                   
                                 For further information visit                 
                             https://errors.pydantic.dev/2.13/v/               
                             literal_error                                     
                             GetPromptRequest.params.name                      
                               Field required [type=missing,                   
                             input_value={'_meta':                             
                             {'io.modelconte...lientCapabilities               
                             ': {}}}, input_type=dict]                         
                                 For further information visit                 
                             https://errors.pydantic.dev/2.13/v/               
                             missing                                           
                             ListPromptsRequest.method                         
                               Input should be 'prompts/list'                  
                             [type=literal_error,                              
                             input_value='server/discover',                    
                             input_type=str]                                   
                                 For further information visit                 
                             https://errors.pydantic.dev/2.13/v/               
                             literal_error                                     
                             ListResourcesRequest.method                       
                               Input should be 'resources/list'                
                             [type=literal_error,                              
                             input_value='server/discover',                    
                             input_type=str]                                   
                                 For further information visit                 
                             https://errors.pydantic.dev/2.13/v/               
                             literal_error                                     
                             ListResourceTemplatesRequest.method               
                               Input should be                                 
                             'resources/templates/list'                        
                             [type=literal_error,                              
                             input_value='server/discover',                    
                             input_type=str]                                   
                                 For further information visit                 
                             https://errors.pydantic.dev/2.13/v/               
                             literal_error                                     
                             ReadResourceRequest.method                        
                               Input should be 'resources/read'                
                             [type=literal_error,                              
                             input_value='server/discover',                    
                             input_type=str]                                   
                                 For further information visit                 
                             https://errors.pydantic.dev/2.13/v/               
                             literal_error                                     
                             ReadResourceRequest.params.uri                    
                               Field required [type=missing,                   
                             input_value={'_meta':                             
                             {'io.modelconte...lientCapabilities               
                             ': {}}}, input_type=dict]                         
                                 For further information visit                 
                             https://errors.pydantic.dev/2.13/v/               
                             missing                                           
                             SubscribeRequest.method                           
                               Input should be                                 
                             'resources/subscribe'                             
                             [type=literal_error,                              
                             input_value='server/discover',                    
                             input_type=str]                                   
                                 For further information visit                 
                             https://errors.pydantic.dev/2.13/v/               
                             literal_error                                     
                             SubscribeRequest.params.uri                       
                               Field required [type=missing,                   
                             input_value={'_meta':                             
                             {'io.modelconte...lientCapabilities               
                             ': {}}}, input_type=dict]                         
                                 For further information visit                 
                             https://errors.pydantic.dev/2.13/v/               
                             missing                                           
                             UnsubscribeRequest.method                         
                               Input should be                                 
                             'resources/unsubscribe'                           
                             [type=literal_error,                              
                             input_value='server/discover',                    
                             input_type=str]                                   
                                 For further information visit                 
                             https://errors.pydantic.dev/2.13/v/               
                             literal_error                                     
                             UnsubscribeRequest.params.uri                     
                               Field required [type=missing,                   
                             input_value={'_meta':                             
                             {'io.modelconte...lientCapabilities               
                             ': {}}}, input_type=dict]                         
                                 For further information visit                 
                             https://errors.pydantic.dev/2.13/v/               
                             missing                                           
                             CallToolRequest.method                            
                               Input should be 'tools/call'                    
                             [type=literal_error,                              
                             input_value='server/discover',                    
                             input_type=str]                                   
                                 For further information visit                 
                             https://errors.pydantic.dev/2.13/v/               
                             literal_error                                     
                             CallToolRequest.params.name                       
                               Field required [type=missing,                   
                             input_value={'_meta':                             
                             {'io.modelconte...lientCapabilities               
                             ': {}}}, input_type=dict]                         
                                 For further information visit                 
                             https://errors.pydantic.dev/2.13/v/               
                             missing                                           
                             ListToolsRequest.method                           
                               Input should be 'tools/list'                    
                             [type=literal_error,                              
                             input_value='server/discover',                    
                             input_type=str]                                   
                                 For further information visit                 
                             https://errors.pydantic.dev/2.13/v/               
                             literal_error                                     
                             GetTaskRequest.method                             
                               Input should be 'tasks/get'                     
                             [type=literal_error,                              
                             input_value='server/discover',                    
                             input_type=str]                                   
                                 For further information visit                 
                             https://errors.pydantic.dev/2.13/v/               
                             literal_error                                     
                             GetTaskRequest.params.taskId                      
                               Field required [type=missing,                   
                             input_value={'_meta':                             
                             {'io.modelconte...lientCapabilities               
                             ': {}}}, input_type=dict]                         
                                 For further information visit                 
                             https://errors.pydantic.dev/2.13/v/               
                             missing                                           
                             GetTaskPayloadRequest.method                      
                               Input should be 'tasks/result'                  
                             [type=literal_error,                              
                             input_value='server/discover',                    
                             input_type=str]                                   
                                 For further information visit                 
                             https://errors.pydantic.dev/2.13/v/               
                             literal_error                                     
                             GetTaskPayloadRequest.params.taskId               
                               Field required [type=missing,                   
                             input_value={'_meta':                             
                             {'io.modelconte...lientCapabilities               
                             ': {}}}, input_type=dict]                         
                                 For further information visit                 
                             https://errors.pydantic.dev/2.13/v/               
                             missing                                           
                             ListTasksRequest.method                           
                               Input should be 'tasks/list'                    
                             [type=literal_error,                              
                             input_value='server/discover',                    
                             input_type=str]                                   
                                 For further information visit                 
                             https://errors.pydantic.dev/2.13/v/               
                             literal_error                                     
                             CancelTaskRequest.method                          
                               Input should be 'tasks/cancel'                  
                             [type=literal_error,                              
                             input_value='server/discover',                    
                             input_type=str]                                   
                                 For further information visit                 
                             https://errors.pydantic.dev/2.13/v/               
                             literal_error                                     
                             CancelTaskRequest.params.taskId                   
                               Field required [type=missing,                   
                             input_value={'_meta':                             
                             {'io.modelconte...lientCapabilities               
                             ': {}}}, input_type=dict]                         
                                 For further information visit                 
                             https://errors.pydantic.dev/2.13/v/               
                             missing                                           
                    INFO     Processing request of type           server.py:733
                             ListToolsRequest                                  
[09/17/26 15:31:46] INFO     Processing request of type           server.py:733
                             CallToolRequest                                   
[09/17/26 15:37:18] INFO     Processing request of type           server.py:733
                             CallToolRequest                                   
[09/17/26 15:37:19] INFO     Processing request of type           server.py:733
                             CallToolRequest                                   
                    INFO     Processing request of type           server.py:733
                             CallToolRequest                                   
[09/17/26 15:37:20] INFO     Processing request of type           server.py:733
                             CallToolRequest                                   
                    INFO     Processing request of type           server.py:733
                             CallToolRequest                                   
[09/17/26 15:37:22] INFO     Processing request of type           server.py:733
                             CallToolRequest                                   
                    INFO     Processing request of type           server.py:733
                             CallToolRequest                                   
[09/17/26 15:37:40] INFO     Processing request of type           server.py:733
                             CallToolRequest                                   
[09/17/26 15:38:04] INFO     Processing request of type           server.py:733
                             CallToolRequest                                   
[09/17/26 15:38:27] INFO     Processing request of type           server.py:733
                             CallToolRequest                                   
[09/17/26 15:38:30] INFO     Processing request of type           server.py:733
                             CallToolRequest                                   
                    INFO     Processing request of type           server.py:733
                             CallToolRequest                                   
[09/17/26 15:38:31] INFO     Processing request of type           server.py:733
                             CallToolRequest                                   
[09/17/26 15:38:32] INFO     Processing request of type           server.py:733
                             CallToolRequest                                   
[09/17/26 15:40:46] INFO     Processing request of type           server.py:733
                             CallToolRequest                                   
                    INFO     Processing request of type           server.py:733
                             CallToolRequest                                   
[09/17/26 15:40:47] INFO     Processing request of type           server.py:733
                             CallToolRequest                                   
[baseline k=4/4] running...
[09/17/26 15:40:57] INFO     Starting PostgreSQL MCP Server in    server.py:555
                             UNRESTRICTED mode                                 
                    INFO     Successfully connected to database   server.py:568
                             and initialized connection pool                   
                    WARNING  Signal handling not supported on     server.py:585
                             Windows                                           
                    WARNING  Failed to validate request: 31      session.py:383
                             validation errors for ClientRequest               
                             PingRequest.method                                
                               Input should be 'ping'                          
                             [type=literal_error,                              
                             input_value='server/discover',                    
                             input_type=str]                                   
                                 For further information visit                 
                             https://errors.pydantic.dev/2.13/v/               
                             literal_error                                     
                             InitializeRequest.method                          
                               Input should be 'initialize'                    
                             [type=literal_error,                              
                             input_value='server/discover',                    
                             input_type=str]                                   
                                 For further information visit                 
                             https://errors.pydantic.dev/2.13/v/               
                             literal_error                                     
                             InitializeRequest.params.protocolVe               
                             rsion                                             
                               Field required [type=missing,                   
                             input_value={'_meta':                             
                             {'io.modelconte...lientCapabilities               
                             ': {}}}, input_type=dict]                         
                                 For further information visit                 
                             https://errors.pydantic.dev/2.13/v/               
                             missing                                           
                             InitializeRequest.params.capabiliti               
                             es                                                
                               Field required [type=missing,                   
                             input_value={'_meta':                             
                             {'io.modelconte...lientCapabilities               
                             ': {}}}, input_type=dict]                         
                                 For further information visit                 
                             https://errors.pydantic.dev/2.13/v/               
                             missing                                           
                             InitializeRequest.params.clientInfo               
                               Field required [type=missing,                   
                             input_value={'_meta':                             
                             {'io.modelconte...lientCapabilities               
                             ': {}}}, input_type=dict]                         
                                 For further information visit                 
                             https://errors.pydantic.dev/2.13/v/               
                             missing                                           
                             CompleteRequest.method                            
                               Input should be                                 
                             'completion/complete'                             
                             [type=literal_error,                              
                             input_value='server/discover',                    
                             input_type=str]                                   
                                 For further information visit                 
                             https://errors.pydantic.dev/2.13/v/               
                             literal_error                                     
                             CompleteRequest.params.ref                        
                               Field required [type=missing,                   
                             input_value={'_meta':                             
                             {'io.modelconte...lientCapabilities               
                             ': {}}}, input_type=dict]                         
                                 For further information visit                 
                             https://errors.pydantic.dev/2.13/v/               
                             missing                                           
                             CompleteRequest.params.argument                   
                               Field required [type=missing,                   
                             input_value={'_meta':                             
                             {'io.modelconte...lientCapabilities               
                             ': {}}}, input_type=dict]                         
                                 For further information visit                 
                             https://errors.pydantic.dev/2.13/v/               
                             missing                                           
                             SetLevelRequest.method                            
                               Input should be                                 
                             'logging/setLevel'                                
                             [type=literal_error,                              
                             input_value='server/discover',                    
                             input_type=str]                                   
                                 For further information visit                 
                             https://errors.pydantic.dev/2.13/v/               
                             literal_error                                     
                             SetLevelRequest.params.level                      
                               Field required [type=missing,                   
                             input_value={'_meta':                             
                             {'io.modelconte...lientCapabilities               
                             ': {}}}, input_type=dict]                         
                                 For further information visit                 
                             https://errors.pydantic.dev/2.13/v/               
                             missing                                           
                             GetPromptRequest.method                           
                               Input should be 'prompts/get'                   
                             [type=literal_error,                              
                             input_value='server/discover',                    
                             input_type=str]                                   
                                 For further information visit                 
                             https://errors.pydantic.dev/2.13/v/               
                             literal_error                                     
                             GetPromptRequest.params.name                      
                               Field required [type=missing,                   
                             input_value={'_meta':                             
                             {'io.modelconte...lientCapabilities               
                             ': {}}}, input_type=dict]                         
                                 For further information visit                 
                             https://errors.pydantic.dev/2.13/v/               
                             missing                                           
                             ListPromptsRequest.method                         
                               Input should be 'prompts/list'                  
                             [type=literal_error,                              
                             input_value='server/discover',                    
                             input_type=str]                                   
                                 For further information visit                 
                             https://errors.pydantic.dev/2.13/v/               
                             literal_error                                     
                             ListResourcesRequest.method                       
                               Input should be 'resources/list'                
                             [type=literal_error,                              
                             input_value='server/discover',                    
                             input_type=str]                                   
                                 For further information visit                 
                             https://errors.pydantic.dev/2.13/v/               
                             literal_error                                     
                             ListResourceTemplatesRequest.method               
                               Input should be                                 
                             'resources/templates/list'                        
                             [type=literal_error,                              
                             input_value='server/discover',                    
                             input_type=str]                                   
                                 For further information visit                 
                             https://errors.pydantic.dev/2.13/v/               
                             literal_error                                     
                             ReadResourceRequest.method                        
                               Input should be 'resources/read'                
                             [type=literal_error,                              
                             input_value='server/discover',                    
                             input_type=str]                                   
                                 For further information visit                 
                             https://errors.pydantic.dev/2.13/v/               
                             literal_error                                     
                             ReadResourceRequest.params.uri                    
                               Field required [type=missing,                   
                             input_value={'_meta':                             
                             {'io.modelconte...lientCapabilities               
                             ': {}}}, input_type=dict]                         
                                 For further information visit                 
                             https://errors.pydantic.dev/2.13/v/               
                             missing                                           
                             SubscribeRequest.method                           
                               Input should be                                 
                             'resources/subscribe'                             
                             [type=literal_error,                              
                             input_value='server/discover',                    
                             input_type=str]                                   
                                 For further information visit                 
                             https://errors.pydantic.dev/2.13/v/               
                             literal_error                                     
                             SubscribeRequest.params.uri                       
                               Field required [type=missing,                   
                             input_value={'_meta':                             
                             {'io.modelconte...lientCapabilities               
                             ': {}}}, input_type=dict]                         
                                 For further information visit                 
                             https://errors.pydantic.dev/2.13/v/               
                             missing                                           
                             UnsubscribeRequest.method                         
                               Input should be                                 
                             'resources/unsubscribe'                           
                             [type=literal_error,                              
                             input_value='server/discover',                    
                             input_type=str]                                   
                                 For further information visit                 
                             https://errors.pydantic.dev/2.13/v/               
                             literal_error                                     
                             UnsubscribeRequest.params.uri                     
                               Field required [type=missing,                   
                             input_value={'_meta':                             
                             {'io.modelconte...lientCapabilities               
                             ': {}}}, input_type=dict]                         
                                 For further information visit                 
                             https://errors.pydantic.dev/2.13/v/               
                             missing                                           
                             CallToolRequest.method                            
                               Input should be 'tools/call'                    
                             [type=literal_error,                              
                             input_value='server/discover',                    
                             input_type=str]                                   
                                 For further information visit                 
                             https://errors.pydantic.dev/2.13/v/               
                             literal_error                                     
                             CallToolRequest.params.name                       
                               Field required [type=missing,                   
                             input_value={'_meta':                             
                             {'io.modelconte...lientCapabilities               
                             ': {}}}, input_type=dict]                         
                                 For further information visit                 
                             https://errors.pydantic.dev/2.13/v/               
                             missing                                           
                             ListToolsRequest.method                           
                               Input should be 'tools/list'                    
                             [type=literal_error,                              
                             input_value='server/discover',                    
                             input_type=str]                                   
                                 For further information visit                 
                             https://errors.pydantic.dev/2.13/v/               
                             literal_error                                     
                             GetTaskRequest.method                             
                               Input should be 'tasks/get'                     
                             [type=literal_error,                              
                             input_value='server/discover',                    
                             input_type=str]                                   
                                 For further information visit                 
                             https://errors.pydantic.dev/2.13/v/               
                             literal_error                                     
                             GetTaskRequest.params.taskId                      
                               Field required [type=missing,                   
                             input_value={'_meta':                             
                             {'io.modelconte...lientCapabilities               
                             ': {}}}, input_type=dict]                         
                                 For further information visit                 
                             https://errors.pydantic.dev/2.13/v/               
                             missing                                           
                             GetTaskPayloadRequest.method                      
                               Input should be 'tasks/result'                  
                             [type=literal_error,                              
                             input_value='server/discover',                    
                             input_type=str]                                   
                                 For further information visit                 
                             https://errors.pydantic.dev/2.13/v/               
                             literal_error                                     
                             GetTaskPayloadRequest.params.taskId               
                               Field required [type=missing,                   
                             input_value={'_meta':                             
                             {'io.modelconte...lientCapabilities               
                             ': {}}}, input_type=dict]                         
                                 For further information visit                 
                             https://errors.pydantic.dev/2.13/v/               
                             missing                                           
                             ListTasksRequest.method                           
                               Input should be 'tasks/list'                    
                             [type=literal_error,                              
                             input_value='server/discover',                    
                             input_type=str]                                   
                                 For further information visit                 
                             https://errors.pydantic.dev/2.13/v/               
                             literal_error                                     
                             CancelTaskRequest.method                          
                               Input should be 'tasks/cancel'                  
                             [type=literal_error,                              
                             input_value='server/discover',                    
                             input_type=str]                                   
                                 For further information visit                 
                             https://errors.pydantic.dev/2.13/v/               
                             literal_error                                     
                             CancelTaskRequest.params.taskId                   
                               Field required [type=missing,                   
                             input_value={'_meta':                             
                             {'io.modelconte...lientCapabilities               
                             ': {}}}, input_type=dict]                         
                                 For further information visit                 
                             https://errors.pydantic.dev/2.13/v/               
                             missing                                           
                    INFO     Processing request of type           server.py:733
                             ListToolsRequest                                  
[09/17/26 15:46:56] INFO     Processing request of type           server.py:733
                             CallToolRequest                                   
[09/17/26 15:48:18] INFO     Processing request of type           server.py:733
                             CallToolRequest                                   
                    INFO     Processing request of type           server.py:733
                             CallToolRequest                                   
                    INFO     Processing request of type           server.py:733
                             CallToolRequest                                   
[09/17/26 15:48:21] INFO     Processing request of type           server.py:733
                             CallToolRequest                                   
                    INFO     Processing request of type           server.py:733
                             CallToolRequest                                   
[09/17/26 15:48:23] INFO     Processing request of type           server.py:733
                             CallToolRequest                                   
                    INFO     Processing request of type           server.py:733
                             CallToolRequest                                   
[09/17/26 15:48:26] INFO     Processing request of type           server.py:733
                             CallToolRequest                                   
[09/17/26 15:48:30] INFO     Processing request of type           server.py:733
                             CallToolRequest                                   
[09/17/26 15:48:33] INFO     Processing request of type           server.py:733
                             CallToolRequest                                   
[09/17/26 15:48:50] INFO     Processing request of type           server.py:733
                             CallToolRequest                                   
                    INFO     Processing request of type           server.py:733
                             CallToolRequest                                   
                    INFO     Processing request of type           server.py:733
                             CallToolRequest                                   
Traceback (most recent call last):
  File "C:\Python313\Lib\asyncio\runners.py", line 195, in run
    return runner.run(main)
           ~~~~~~~~~~^^^^^^
  File "C:\Python313\Lib\asyncio\runners.py", line 118, in run
    return self._loop.run_until_complete(task)
           ~~~~~~~~~~~~~~~~~~~~~~~~~~~~~^^^^^^
  File "C:\Python313\Lib\asyncio\base_events.py", line 706, in run_until_complete
    self.run_forever()
    ~~~~~~~~~~~~~~~~^^
  File "C:\Python313\Lib\asyncio\base_events.py", line 677, in run_forever
    self._run_once()
    ~~~~~~~~~~~~~~^^
  File "C:\Python313\Lib\asyncio\base_events.py", line 1996, in _run_once
    event_list = self._selector.select(timeout)
  File "C:\Python313\Lib\asyncio\windows_events.py", line 446, in select
    self._poll(timeout)
    ~~~~~~~~~~^^^^^^^^^
  File "C:\Python313\Lib\asyncio\windows_events.py", line 775, in _poll
    status = _overlapped.GetQueuedCompletionStatus(self._iocp, ms)
  File "C:\Python313\Lib\asyncio\runners.py", line 157, in _on_sigint
    raise KeyboardInterrupt()
KeyboardInterrupt

During handling of the above exception, another exception occurred:

Traceback (most recent call last):
  File "<frozen runpy>", line 198, in _run_module_as_main
  File "<frozen runpy>", line 88, in _run_code
  File "C:\Users\MONISH\Downloads\ToolMem\src\toolatlas\mcpmark_postgres_ab.py", line 542, in <module>
    main()
    ~~~~^^
  File "C:\Users\MONISH\Downloads\ToolMem\src\toolatlas\mcpmark_postgres_ab.py", line 537, in main
    report = asyncio.run(main_async(args))
  File "C:\Python313\Lib\asyncio\runners.py", line 194, in run
    with Runner(debug=debug, loop_factory=loop_factory) as runner:
         ~~~~~~^^^^^^^^^^^^^^^^^^^^^^^^^^^^^^^^^^^^^^^^
  File "C:\Python313\Lib\asyncio\runners.py", line 62, in __exit__
    self.close()
    ~~~~~~~~~~^^
  File "C:\Python313\Lib\asyncio\runners.py", line 70, in close
    _cancel_all_tasks(loop)
    ~~~~~~~~~~~~~~~~~^^^^^^
  File "C:\Python313\Lib\asyncio\runners.py", line 206, in _cancel_all_tasks
    loop.run_until_complete(tasks.gather(*to_cancel, return_exceptions=True))
    ~~~~~~~~~~~~~~~~~~~~~~~^^^^^^^^^^^^^^^^^^^^^^^^^^^^^^^^^^^^^^^^^^^^^^^^^^
  File "C:\Python313\Lib\asyncio\base_events.py", line 706, in run_until_complete
    self.run_forever()
    ~~~~~~~~~~~~~~~~^^
  File "C:\Python313\Lib\asyncio\base_events.py", line 677, in run_forever
    self._run_once()
    ~~~~~~~~~~~~~~^^
  File "C:\Python313\Lib\asyncio\base_events.py", line 1996, in _run_once
    event_list = self._selector.select(timeout)
  File "C:\Python313\Lib\asyncio\windows_events.py", line 446, in select
    self._poll(timeout)
    ~~~~~~~~~~^^^^^^^^^
  File "C:\Python313\Lib\asyncio\windows_events.py", line 775, in _poll
    status = _overlapped.GetQueuedCompletionStatus(self._iocp, ms)
KeyboardInterrupt
Exception ignored on threading shutdown:
Traceback (most recent call last):
  File "C:\Python313\Lib\threading.py", line 1534, in _shutdown
    atexit_call()
  File "C:\Python313\Lib\threading.py", line 1505, in <lambda>
    _threading_atexits.append(lambda: func(*arg, **kwargs))
  File "C:\Python313\Lib\concurrent\futures\thread.py", line 31, in _python_exit
    t.join()
  File "C:\Python313\Lib\threading.py", line 1092, in join
    self._handle.join(timeout)
KeyboardInterrupt: 
^C